name,description,price,category,sku,stock_quantity
Nike Air Max 90 Black,Black running sneakers with visible Air cushioning. Sizes 39-45.,120000,Sneakers,KF-NAM90-BLK,8
Adidas Samba OG Black,Classic black leather sneakers with gum sole. Sizes 38-45.,95000,Sneakers,KF-SAMBA-BLK,6
Puma Suede Classic Black,Black suede low-top sneakers with white stripe. Sizes 39-44.,78000,Sneakers,KF-SUEDE-BLK,10
Converse Chuck Taylor High Black,Black canvas high-top sneakers. Sizes 36-45.,65000,Sneakers,KF-CHUCK-BLK,12
Vans Old Skool Black/White,Black skate sneakers with white side stripe. Sizes 37-45.,72000,Sneakers,KF-VANS-BLK,9
Nike Air Force 1 White,All-white leather sneakers. Sizes 38-46.,110000,Sneakers,KF-AF1-WHT,7
New Balance 574 Grey,Grey suede everyday sneakers. Sizes 39-45.,98000,Sneakers,KF-NB574-GRY,5
Black Leather Chelsea Boots,Men's black leather ankle boots with elastic side panels.,85000,Boots,KF-CHEL-BLK,4
Brown Desert Boots,Suede desert boots with crepe sole.,70000,Boots,KF-DSRT-BRN,6
Classic Black T-Shirt,100% cotton crew-neck t-shirt in black. Sizes S-XXL.,12000,T-Shirts,KF-TEE-BLK,40
White Oversized T-Shirt,Heavyweight oversized cotton t-shirt in white.,15000,T-Shirts,KF-TEE-WHT,35
Slim Fit Blue Jeans,Stretch denim slim-fit jeans in mid blue. Waist 28-38.,35000,Jeans,KF-JEAN-BLU,20
Black Straight Jeans,Straight-leg black denim jeans. Waist 28-40.,38000,Jeans,KF-JEAN-BLK,18
Kitenge Wrap Dress,Hand-made African print wrap dress. Sizes S-XL.,45000,Dresses,KF-KIT-DRS,10
Black Evening Dress,Elegant black midi dress for evening events.,68000,Dresses,KF-EVE-BLK,5
Denim Jacket,Classic blue denim trucker jacket.,55000,Jackets,KF-JKT-DNM,8
Black Hoodie,Fleece pullover hoodie in black. Sizes S-XXL.,30000,Hoodies,KF-HOOD-BLK,15
Leather Belt Brown,Genuine leather belt with metal buckle.,18000,Accessories,KF-BELT-BRN,25
Canvas Backpack,Water-resistant canvas backpack with laptop sleeve.,42000,Accessories,KF-BAG-CNV,3
Baseball Cap Black,Adjustable cotton baseball cap in black.,10000,Accessories,KF-CAP-BLK,30
